code,kostat,sido,name
11110,11010,서울,종로구
11140,11020,서울,중구
11170,11030,서울,용산구
11200,11040,서울,성동구
11215,11050,서울,광진구
11230,11060,서울,동대문구
11260,11070,서울,중랑구
11290,11080,서울,성북구
11305,11090,서울,강북구
11320,11100,서울,도봉구
11350,11110,서울,노원구
11380,11120,서울,은평구
11410,11130,서울,서대문구
11440,11140,서울,마포구
11470,11150,서울,양천구
11500,11160,서울,강서구
11530,11170,서울,구로구
11545,11180,서울,금천구
11560,11190,서울,영등포구
11590,11200,서울,동작구
11620,11210,서울,관악구
11650,11220,서울,서초구
11680,11230,서울,강남구
11710,11240,서울,송파구
11740,11250,서울,강동구
28110,23010,인천,중구
28140,23020,인천,동구
28177,23090,인천,미추홀구
28185,23040,인천,연수구
28200,23050,인천,남동구
28237,23060,인천,부평구
28245,23070,인천,계양구
28260,23080,인천,서구
28710,23310,인천,강화군
28720,23320,인천,옹진군
41111,31011,경기,수원시장안구
41113,31012,경기,수원시권선구
41115,31013,경기,수원시팔달구
41117,31014,경기,수원시영통구
41131,31021,경기,성남시수정구
41133,31022,경기,성남시중원구
41135,31023,경기,성남시분당구
41150,31030,경기,의정부시
41171,31041,경기,안양시만안구
41173,31042,경기,안양시동안구
41190,31050,경기,부천시
41210,31060,경기,광명시
41220,31070,경기,평택시
41250,31080,경기,동두천시
41271,31091,경기,안산시상록구
41273,31092,경기,안산시단원구
41281,31101,경기,고양시덕양구
41285,31103,경기,고양시일산동구
41287,31104,경기,고양시일산서구
41290,31110,경기,과천시
41310,31120,경기,구리시
41360,31130,경기,남양주시
41370,31140,경기,오산시
41390,31150,경기,시흥시
41410,31160,경기,군포시
41430,31170,경기,의왕시
41450,31180,경기,하남시
41461,31191,경기,용인시처인구
41463,31192,경기,용인시기흥구
41465,31193,경기,용인시수지구
41480,31200,경기,파주시
41500,31210,경기,이천시
41550,31220,경기,안성시
41570,31230,경기,김포시
41591,31241,경기,화성시만세구
41593,31242,경기,화성시효행구
41595,31243,경기,화성시병점구
41597,31244,경기,화성시동탄구
41610,31250,경기,광주시
41630,31260,경기,양주시
41650,31270,경기,포천시
41670,31280,경기,여주시
41800,31350,경기,연천군
41820,31370,경기,가평군
41830,31380,경기,양평군
